<?xml version="1.0"?>
<metadata xml:lang="es"><Esri><CreaDate>20190913</CreaDate><CreaTime>14501600</CreaTime><ArcGISFormat>1.0</ArcGISFormat><ArcGISstyle>North American Profile of ISO19115 2003</ArcGISstyle><SyncOnce>FALSE</SyncOnce><DataProperties><lineage><Process ToolSource="c:\program files (x86)\arcgis\desktop10.2\ArcToolbox\Toolboxes\Data Management Tools.tbx\CalculateField" Date="20190913" Time="112918" Name="" export="">CalculateField bocas_de_subte escalera_m "True" VB #</Process><Process ToolSource="c:\program files (x86)\arcgis\desktop10.2\ArcToolbox\Toolboxes\Data Management Tools.tbx\CalculateField" Date="20190913" Time="112924" Name="" export="">CalculateField bocas_de_subte ascensor "True" VB #</Process><Process ToolSource="c:\program files (x86)\arcgis\desktop10.2\ArcToolbox\Toolboxes\Data Management Tools.tbx\CalculateField" Date="20190913" Time="114610" Name="" export="">CalculateField bocas_de_subte escalera_p "True" VB #</Process><Process ToolSource="c:\program files (x86)\arcgis\desktop10.2\ArcToolbox\Toolboxes\Data Management Tools.tbx\CalculateField" Date="20190913" Time="114617" Name="" export="">CalculateField bocas_de_subte rampa "True" VB #</Process><Process ToolSource="c:\program files (x86)\arcgis\desktop10.2\ArcToolbox\Toolboxes\Data Management Tools.tbx\CalculateField" Date="20190913" Time="114813" Name="" export="">CalculateField bocas_de_subte observacio "Vestíbulo intermedio" VB #</Process><Process ToolSource="c:\program files (x86)\arcgis\desktop10.2\ArcToolbox\Toolboxes\Data Management Tools.tbx\CalculateField" Date="20190913" Time="114843" Name="" export="">CalculateField bocas_de_subte observacio "Salida únicamente" VB #</Process><Process ToolSource="c:\program files (x86)\arcgis\desktop10.2\ArcToolbox\Toolboxes\Data Management Tools.tbx\CalculateField" Date="20190913" Time="115324" Name="" export="">CalculateField bocas_de_subte Objeto "Boca de subte" VB #</Process><Process ToolSource="c:\program files (x86)\arcgis\desktop10.2\ArcToolbox\Toolboxes\Data Management Tools.tbx\CalculateField" Date="20190913" Time="115553" Name="" export="">CalculateField bocas_de_subte dom_norma [direccion_] VB #</Process><Process ToolSource="c:\program files (x86)\arcgis\desktop10.2\ArcToolbox\Toolboxes\Data Management Tools.tbx\CalculateField" Date="20190913" Time="115625" Name="" export="">CalculateField bocas_de_subte dom_norma [direccion_] VB #</Process><Process ToolSource="c:\program files (x86)\arcgis\desktop10.2\ArcToolbox\Toolboxes\Data Management Tools.tbx\CalculateField" Date="20190913" Time="115828" Name="" export="">CalculateField bocas_de_subte dom_orig [ubicacion] VB #</Process><Process ToolSource="C:\Program Files (x86)\ArcGIS\ArcToolbox\Toolboxes\Data Management Tools.tbx\Project" Date="20190913" Time="145016">Project "C:\00Laura\00Trabajo Laura\000 A TRABAJAR\00 ATLAS VIAL\Bocas de subte\bocas_de_subte.shp" "C:\00Laura\00Trabajo Laura\000 A TRABAJAR\00 ATLAS VIAL\Bocas de subte\bocas_de_subte_WGS84.shp" GEOGCS['GCS_WGS_1984',DATUM['D_WGS_1984',SPHEROID['WGS_1984',6378137.0,298.257223563]],PRIMEM['Greenwich',0.0],UNIT['Degree',0.0174532925199433]] Campo_Inchauspe_To_WGS_1984 PROJCS['Argentina_GKBsAs',GEOGCS['GCS_Campo_Inchauspe',DATUM['D_Campo_Inchauspe',SPHEROID['International_1924',6378388.0,297.0]],PRIMEM['Greenwich',0.0],UNIT['Degree',0.0174532925199433]],PROJECTION['Transverse_Mercator'],PARAMETER['False_Easting',100000.0],PARAMETER['False_Northing',100000.0],PARAMETER['Central_Meridian',-58.4627],PARAMETER['Scale_Factor',0.999998],PARAMETER['Latitude_Of_Origin',-34.6297166],UNIT['Meter',1.0]]</Process></lineage><itemProps><itemName Sync="TRUE">bocas_de_subte</itemName><imsContentType Sync="TRUE" export="False">002</imsContentType><nativeExtBox><westBL Sync="TRUE">97736.180867</westBL><eastBL Sync="TRUE">108615.493255</eastBL><southBL Sync="TRUE">98472.149016</southBL><northBL Sync="TRUE">108198.420631</northBL><exTypeCode Sync="TRUE">1</exTypeCode></nativeExtBox><itemSize Sync="TRUE">0.010</itemSize><itemLocation><linkage Sync="TRUE">file://\\MEISECCTI000015\C$\Users\20307626978\Desktop\BASES\1-Luciana\SHP\TRABAJOS PEDIDOS\Bases EPOK\bocas_de_subte.shp</linkage><protocol Sync="TRUE">Local Area Network</protocol></itemLocation></itemProps><coordRef><type Sync="TRUE">Projected</type><geogcsn Sync="TRUE">GCS_Campo_Inchauspe</geogcsn><csUnits Sync="TRUE">Linear Unit: Meter (1.000000)</csUnits><projcsn Sync="TRUE">Argentina_GKBsAs</projcsn><peXml Sync="TRUE">&lt;ProjectedCoordinateSystem xsi:type='typens:ProjectedCoordinateSystem' xmlns:xsi='http://www.w3.org/2001/XMLSchema-instance' xmlns:xs='http://www.w3.org/2001/XMLSchema' xmlns:typens='http://www.esri.com/schemas/ArcGIS/10.1'&gt;&lt;WKT&gt;PROJCS[&amp;quot;Argentina_GKBsAs&amp;quot;,GEOGCS[&amp;quot;GCS_Campo_Inchauspe&amp;quot;,DATUM[&amp;quot;D_Campo_Inchauspe&amp;quot;,SPHEROID[&amp;quot;International_1924&amp;quot;,6378388.0,297.0]],PRIMEM[&amp;quot;Greenwich&amp;quot;,0.0],UNIT[&amp;quot;Degree&amp;quot;,0.0174532925199433]],PROJECTION[&amp;quot;Transverse_Mercator&amp;quot;],PARAMETER[&amp;quot;False_Easting&amp;quot;,100000.0],PARAMETER[&amp;quot;False_Northing&amp;quot;,100000.0],PARAMETER[&amp;quot;Central_Meridian&amp;quot;,-58.4627],PARAMETER[&amp;quot;Scale_Factor&amp;quot;,0.999998],PARAMETER[&amp;quot;Latitude_Of_Origin&amp;quot;,-34.6297166],UNIT[&amp;quot;Meter&amp;quot;,1.0]]&lt;/WKT&gt;&lt;XOrigin&gt;-5523400&lt;/XOrigin&gt;&lt;YOrigin&gt;-6068900&lt;/YOrigin&gt;&lt;XYScale&gt;450249651.57241428&lt;/XYScale&gt;&lt;ZOrigin&gt;-100000&lt;/ZOrigin&gt;&lt;ZScale&gt;10000&lt;/ZScale&gt;&lt;MOrigin&gt;-100000&lt;/MOrigin&gt;&lt;MScale&gt;10000&lt;/MScale&gt;&lt;XYTolerance&gt;0.001&lt;/XYTolerance&gt;&lt;ZTolerance&gt;0.001&lt;/ZTolerance&gt;&lt;MTolerance&gt;0.001&lt;/MTolerance&gt;&lt;HighPrecision&gt;true&lt;/HighPrecision&gt;&lt;/ProjectedCoordinateSystem&gt;</peXml></coordRef></DataProperties><SyncDate>20190913</SyncDate><SyncTime>14232000</SyncTime><ModDate>20190913</ModDate><ModTime>14260400</ModTime><scaleRange><minScale>150000000</minScale><maxScale>5000</maxScale></scaleRange><ArcGISProfile>NAP</ArcGISProfile><MetaID>{64822452-C845-4EBA-8CB7-3A061B9D1F62}</MetaID></Esri><dataIdInfo><envirDesc Sync="TRUE">Microsoft Windows Vista Version 6.1 (Build 7601) Service Pack 1; ESRI ArcCatalog 9.3.0.1770</envirDesc><dataLang><languageCode value="es" Sync="TRUE"/><countryCode value="ARG" Sync="TRUE"/></dataLang><idCitation xmlns=""><resTitle Sync="FALSE">Bocas de acceso/salida a las estaciones de subte</resTitle><presForm xmlns=""><PresFormCd value="005" Sync="TRUE"/></presForm><date><pubDate>2019-09-13T00:00:00</pubDate><reviseDate>2019-09-13T00:00:00</reviseDate></date><resEdDate>20190913</resEdDate><citRespParty xmlns=""><rpIndName>Fernando Ricardo Paz </rpIndName><rpOrgName>Gerencia de Servicios al Usuario</rpOrgName><rpPosName>SBASE - Subterráneos de Buenos Aires S.E.</rpPosName><role><RoleCd value="007"/></role><rpCntInfo xmlns=""><cntAddress addressType=""><delPoint>Agüero 48</delPoint><city>Ciudad Autónoma de Buenos Aires</city><adminArea>Ciudad Autónoma de Buenos Aires</adminArea><eMailAdd>fpaz@sbase.com.ar</eMailAdd></cntAddress><cntPhone><voiceNum tddtty="">11-5101-3707</voiceNum></cntPhone></rpCntInfo></citRespParty><resAltTitle>bocas_de_subte.shp</resAltTitle><resRefDate><refDate>201709</refDate><refDateType><DateTypCd value="001"></DateTypCd></refDateType></resRefDate><citRespParty><rpIndName>Area Información</rpIndName><rpOrgName>Unidad de Sistemas de Información Geográfica - Dirección General de Ciencias de la Información - Subsecretaría de Ciudad Inteligente y Tecnología Educativa - Ministerio de Educación e Innovación</rpOrgName><role><RoleCd value="006"></RoleCd></role><rpCntInfo><cntAddress><delPoint>Av. Martín García 346 2º Piso</delPoint><city>Ciudad Autónoma de Buenos Aires</city><adminArea>Ciudad Autónoma de Buenos Aires</adminArea><eMailAdd>usig_info@buenosaires.gob.ar</eMailAdd><country>ar</country></cntAddress><cntPhone><voiceNum>5030-9200 int. 2243</voiceNum></cntPhone></rpCntInfo></citRespParty><resRefDate><refDate>201909</refDate><refDateType><DateTypCd value="003"></DateTypCd></refDateType></resRefDate><resRefDate><refDate>201909</refDate><refDateType><DateTypCd value="002"></DateTypCd></refDateType></resRefDate></idCitation><spatRpType><SpatRepTypCd value="001" Sync="TRUE"/></spatRpType><dataExt><geoEle xmlns=""><GeoBndBox esriExtentType="search"><exTypeCode Sync="TRUE">1</exTypeCode><westBL Sync="TRUE">-58.487391</westBL><eastBL Sync="TRUE">-58.368733</eastBL><northBL Sync="TRUE">-34.555778</northBL><southBL Sync="TRUE">-34.643489</southBL></GeoBndBox><GeoBndBox esriExtentType="native"><westBL Sync="TRUE">97736.180867</westBL><eastBL Sync="TRUE">108615.493255</eastBL><northBL Sync="TRUE">108198.420631</northBL><southBL Sync="TRUE">98472.149016</southBL><exTypeCode Sync="TRUE">1</exTypeCode></GeoBndBox></geoEle></dataExt><idAbs>Localización de las bocas de acceso/salida al servicio de transporte Subterráneo de la Ciudad Autónoma de Buenos Aires.</idAbs><idPoC xmlns=""><rpIndName>Fernando Ricardo Paz</rpIndName><rpOrgName>Gerencia de Servicios al Usuario</rpOrgName><rpPosName>SBASE - Subterráneos de Buenos Aires S.E.</rpPosName><role><RoleCd value="007"/></role><rpCntInfo xmlns=""><cntAddress addressType=""><delPoint>Agüero 48</delPoint><city>Ciudad Autónoma de Buenos Aires</city><adminArea>Ciudad Autónoma de Buenos Aires</adminArea><eMailAdd>fpaz@sbase.com.ar</eMailAdd></cntAddress><cntPhone><voiceNum tddtty="">11-5101-3707</voiceNum></cntPhone></rpCntInfo></idPoC><tpCat><TopicCatCd value="016"/></tpCat><tpCat><TopicCatCd value="017"/></tpCat><tpCat><TopicCatCd value="018"/></tpCat><geoBox esriExtentType="decdegrees"><westBL Sync="TRUE">-58.487391</westBL><eastBL Sync="TRUE">-58.368733</eastBL><northBL Sync="TRUE">-34.555778</northBL><southBL Sync="TRUE">-34.643489</southBL><exTypeCode Sync="TRUE">1</exTypeCode></geoBox><resMaint><maintFreq><MaintFreqCd value="009"></MaintFreqCd></maintFreq></resMaint><idPoC Sync="TRUE"><rpIndName Sync="TRUE">Fernando Ricardo Paz</rpIndName><rpOrgName Sync="TRUE">Gerencia de Servicios al Usuario</rpOrgName><rpPosName Sync="TRUE">SBASE - Subterráneos de Buenos Aires S.E.</rpPosName><rpCntInfo><cntPhone><voiceNum Sync="TRUE">11-5101-3707</voiceNum></cntPhone><cntAddress><delPoint Sync="TRUE">Agüero 48</delPoint><city Sync="TRUE">Ciudad Autónoma de Buenos Aires</city><adminArea Sync="TRUE">Ciudad Autónoma de Buenos Aires</adminArea><eMailAdd Sync="TRUE">fpaz@sbase.com.ar</eMailAdd></cntAddress></rpCntInfo><role><RoleCd Sync="TRUE" value="007"></RoleCd></role></idPoC><descKeys KeyTypCd="005"><keyTyp><KeyTypCd value="005"></KeyTypCd></keyTyp><keyword>Transporte</keyword><keyword>Señalización</keyword><keyword>Subterráneo</keyword><keyword>Estación de subte</keyword></descKeys><descKeys KeyTypCd="001"><keyTyp><KeyTypCd value="001"></KeyTypCd></keyTyp><keyword>Transporte</keyword><keyword>Señalización</keyword><keyword>Planificación</keyword></descKeys><resConst><Consts><useLimit>La información deberá ser utilizada de acuerdo con los usos que marca la Ley, respetando la fuente de los datos originales. La información suministrada en formato digital es para uso personal e intransferible. Queda estrictamente prohibido cualquier aprovechamiento o explotación del diseño y los Contenidos -por cualquier medio-, con fines comerciales. Sin perjuicio de ello, la información presentada podrá ser utilizada con fines informativos e ilustrativos en el contexto de un proyecto educacional o de divulgación científica, y siempre que se aclare la fuente. La utilización de los Contenidos de una forma que infrinja estas las disposiciones de uso, faculta al GCBA a ejercer las acciones legales que correspondan.</useLimit></Consts></resConst></dataIdInfo><mdLang><languageCode value="es" Sync="TRUE"/><countryCode value="ARG" Sync="TRUE"/></mdLang><mdChar><CharSetCd value="004" Sync="TRUE"/></mdChar><distInfo xmlns=""><distFormat xmlns=""><formatName Sync="TRUE">Shapefile</formatName></distFormat><distTranOps xmlns=""><transSize Sync="TRUE">0.010</transSize></distTranOps><distributor xmlns=""><distorCont xmlns=""><rpIndName>Area Información</rpIndName><rpOrgName>Unidad de Sistemas de Información Geográfica - Dirección General de Ciencias de la Información - Subsecretaría de Ciudad Inteligente y Tecnología Educativa - Ministerio de Educación e Innovación</rpOrgName><role><RoleCd value="005"/></role><rpCntInfo xmlns=""><cntAddress addressType=""><delPoint>Av. Martín García 346 2º Piso</delPoint><city>Ciudad Autónoma de Buenos Aires</city><adminArea>Ciudad Autónoma de Buenos Aires</adminArea><eMailAdd>usig_info@buenosaires.gob.ar</eMailAdd><country>ar</country></cntAddress><cntPhone><voiceNum tddtty="">5030-9200 int. 2243</voiceNum></cntPhone></rpCntInfo></distorCont><distorOrdPrc xmlns=""><ordInstr>La información no está a la venta.</ordInstr></distorOrdPrc><distorTran><onLineSrc><orDesc>001</orDesc><linkage>https://mapa.buenosaires.gob.ar</linkage><protocol Sync="TRUE">Local Area Network</protocol><orFunct><OnFunctCd value="002"></OnFunctCd></orFunct></onLineSrc><transSize Sync="TRUE">0,010</transSize></distorTran><distorFormat><formatName Sync="TRUE">Shapefile</formatName><formatVer>ArcGis 9.2</formatVer></distorFormat></distributor></distInfo><mdHrLv><ScopeCd value="005" Sync="TRUE"/></mdHrLv><mdHrLvName Sync="TRUE">dataset</mdHrLvName><refSysInfo><RefSystem><refSysID><identCode code="0" Sync="TRUE">Argentina_GKBsAs</identCode></refSysID></RefSystem></refSysInfo><spatRepInfo><VectSpatRep><topLvl><TopoLevCd value="001" Sync="TRUE"/></topLvl><geometObjs Name="bocas_de_subte"><geoObjTyp><GeoObjTypCd Sync="TRUE" value="004"></GeoObjTypCd></geoObjTyp><geoObjCnt Sync="TRUE">379</geoObjCnt></geometObjs></VectSpatRep></spatRepInfo><spdoinfo><ptvctinf><esriterm Name="bocas_de_subte"><efeatyp Sync="TRUE">Simple</efeatyp><efeageom code="1" Sync="TRUE">Point</efeageom><esritopo Sync="TRUE">FALSE</esritopo><efeacnt Sync="TRUE">379</efeacnt><spindex Sync="TRUE">TRUE</spindex><linrefer Sync="TRUE">FALSE</linrefer></esriterm><sdtsterm Name="bocas_de_subte"><sdtstype Sync="TRUE">Entity point</sdtstype><ptvctcnt Sync="TRUE">379</ptvctcnt></sdtsterm></ptvctinf><direct Sync="TRUE">Vector</direct></spdoinfo><eainfo><detailed Name="bocas_de_subte" xmlns=""><enttyp><enttypl Sync="TRUE">bocas_de_subte</enttypl><enttypt Sync="TRUE">Feature Class</enttypt><enttypc Sync="TRUE">379</enttypc></enttyp><attr><attrlabl Sync="TRUE">FID</attrlabl><attalias Sync="TRUE">FID</attalias><attrtype Sync="TRUE">OID</attrtype><attwidth Sync="TRUE">4</attwidth><atprecis Sync="TRUE">0</atprecis><attscale Sync="TRUE">0</attscale><attrdef Sync="TRUE">Internal feature number.</attrdef><attrdefs Sync="TRUE">Esri</attrdefs><attrdomv><udom Sync="TRUE">Sequential unique whole numbers that are automatically generated.</udom></attrdomv></attr><attr><attrlabl Sync="TRUE">Shape</attrlabl><attalias Sync="TRUE">Shape</attalias><attrtype Sync="TRUE">Geometry</attrtype><attwidth Sync="TRUE">0</attwidth><atprecis Sync="TRUE">0</atprecis><attscale Sync="TRUE">0</attscale><attrdef Sync="TRUE">Feature geometry.</attrdef><attrdefs Sync="TRUE">Esri</attrdefs><attrdomv><udom Sync="TRUE">Coordinates defining the features.</udom></attrdomv></attr><attr><attrlabl Sync="TRUE">id</attrlabl><attalias Sync="TRUE">id</attalias><attrtype Sync="TRUE">Number</attrtype><attwidth Sync="TRUE">10</attwidth></attr><attr><attrlabl Sync="TRUE">linea</attrlabl><attalias Sync="TRUE">linea</attalias><attrtype Sync="TRUE">String</attrtype><attwidth Sync="TRUE">254</attwidth></attr><attr><attrlabl Sync="TRUE">estacion</attrlabl><attalias Sync="TRUE">estacion</attalias><attrtype Sync="TRUE">String</attrtype><attwidth Sync="TRUE">254</attwidth></attr><attr><attrlabl Sync="TRUE">numero_de_</attrlabl><attalias Sync="TRUE">numero_de_</attalias><attrtype Sync="TRUE">Number</attrtype><attwidth Sync="TRUE">10</attwidth></attr><attr><attrlabl Sync="TRUE">destino_bo</attrlabl><attalias Sync="TRUE">destino_bo</attalias><attrtype Sync="TRUE">String</attrtype><attwidth Sync="TRUE">254</attwidth></attr><attr><attrlabl Sync="TRUE">lineas_de_</attrlabl><attalias Sync="TRUE">lineas_de_</attalias><attrtype Sync="TRUE">String</attrtype><attwidth Sync="TRUE">254</attwidth></attr><attr><attrlabl Sync="TRUE">cierra_fin</attrlabl><attalias Sync="TRUE">cierra_fin</attalias><attrtype Sync="TRUE">String</attrtype><attwidth Sync="TRUE">254</attwidth></attr><attr><attrlabl Sync="TRUE">escalera_p</attrlabl><attalias Sync="TRUE">escalera_p</attalias><attrtype Sync="TRUE">String</attrtype><attwidth Sync="TRUE">254</attwidth></attr><attr><attrlabl Sync="TRUE">escalera_m</attrlabl><attalias Sync="TRUE">escalera_m</attalias><attrtype Sync="TRUE">String</attrtype><attwidth Sync="TRUE">254</attwidth></attr><attr><attrlabl Sync="TRUE">ascensor</attrlabl><attalias Sync="TRUE">ascensor</attalias><attrtype Sync="TRUE">String</attrtype><attwidth Sync="TRUE">254</attwidth></attr><attr><attrlabl Sync="TRUE">rampa</attrlabl><attalias Sync="TRUE">rampa</attalias><attrtype Sync="TRUE">String</attrtype><attwidth Sync="TRUE">254</attwidth></attr><attr><attrlabl Sync="TRUE">salvaescal</attrlabl><attalias Sync="TRUE">salvaescal</attalias><attrtype Sync="TRUE">String</attrtype><attwidth Sync="TRUE">254</attwidth></attr><attr><attrlabl Sync="TRUE">calle</attrlabl><attalias Sync="TRUE">calle</attalias><attrtype Sync="TRUE">String</attrtype><attwidth Sync="TRUE">254</attwidth></attr><attr><attrlabl Sync="TRUE">altura</attrlabl><attalias Sync="TRUE">altura</attalias><attrtype Sync="TRUE">Number</attrtype><attwidth Sync="TRUE">10</attwidth></attr><attr><attrlabl Sync="TRUE">calle2</attrlabl><attalias Sync="TRUE">calle2</attalias><attrtype Sync="TRUE">String</attrtype><attwidth Sync="TRUE">254</attwidth></attr><attr><attrlabl Sync="TRUE">barrio</attrlabl><attalias Sync="TRUE">barrio</attalias><attrtype Sync="TRUE">String</attrtype><attwidth Sync="TRUE">254</attwidth></attr><attr><attrlabl Sync="TRUE">comuna</attrlabl><attalias Sync="TRUE">comuna</attalias><attrtype Sync="TRUE">String</attrtype><attwidth Sync="TRUE">254</attwidth></attr><attr><attrlabl Sync="TRUE">observacio</attrlabl><attalias Sync="TRUE">observacio</attalias><attrtype Sync="TRUE">String</attrtype><attwidth Sync="TRUE">254</attwidth></attr><attr><attrlabl Sync="TRUE">Objeto</attrlabl><attalias Sync="TRUE">Objeto</attalias><attrtype Sync="TRUE">String</attrtype><attwidth Sync="TRUE">50</attwidth></attr><attr><attrlabl Sync="TRUE">dom_norma</attrlabl><attalias Sync="TRUE">dom_norma</attalias><attrtype Sync="TRUE">String</attrtype><attwidth Sync="TRUE">100</attwidth></attr><attr><attrlabl Sync="TRUE">dom_orig</attrlabl><attalias Sync="TRUE">dom_orig</attalias><attrtype Sync="TRUE">String</attrtype><attwidth Sync="TRUE">100</attwidth></attr></detailed></eainfo><mdDateSt Sync="TRUE">20190913</mdDateSt><mdContact xmlns=""><rpIndName>Area Información</rpIndName><rpOrgName>Unidad de Sistemas de Información Geográfica - Dirección General de Ciencias de la Información - Subsecretaría de Ciudad Inteligente y Tecnología Educativa - Ministerio de Educación e Innovación</rpOrgName><role><RoleCd value="006"/></role><rpCntInfo xmlns=""><cntAddress addressType=""><delPoint>Av. Martín García 346 2º Piso</delPoint><city>Ciudad Autónoma de Buenos Aires</city><adminArea>Ciudad Autónoma de Buenos Aires</adminArea><eMailAdd>usig_info@buenosaires.gob.ar</eMailAdd><country>ar</country></cntAddress><cntPhone><voiceNum tddtty="">5030-9200 int. 2243</voiceNum></cntPhone></rpCntInfo></mdContact><dqInfo xmlns=""><dqScope><scpLvl><ScopeCd value="005"/></scpLvl></dqScope><dataLineage><statement>El shape contiene la localización de las bocas de acceso/salida al servicio de transporte Subterráneo de la Ciudad Autónoma de Buenos Aires.

Las información fue proporcionada por SBASE conteniendo tanto la ubicación de cada boca, el destino final de la línea, las combinaciones en dicha estación y los datos propios de cada una: si tiene rampa, escalera mecanica, pedrestre, etc, 


DESCRIPCION DE CAMPOS

ID
TIPO: Numérico (10)
DESCRIPCION: ID único de cada registro

LINEA
TIPO: Texto (254)
DESCRIPCION: Línea a la que pertenece la boca de subte

ESTACION
TIPO: Texto (254)
DESCRIPCION: Estación a la que la boca sirve

NUMERO_DE_
TIPO: Numérico (10)
DESCRIPCION: Número de boca

DESTINO_BO
TIPO: Texto (254)
DESCRIPCION: Destino final de la línea

LINEAS_DE_
TIPO: Texto (254)
DESCRIPCION: Líneas de combinación en dicha estación

CIERRA_FIN
TIPO: Texto (254)
DESCRIPCION: Indica si la boca permanece cerrada el fin de semana

ESCALERA_P
TIPO: Texto (254)
DESCRIPCION: Indica si la boca posee escalera pedrestre 

ESCALERA_M
TIPO: Texto (254)
DESCRIPCION: Indica si la boca posee escalera mecánica 

ASCENSOR
TIPO: Texto (254)
DESCRIPCION: Indica si posee ascensor dentro de la estación

RAMPA
TIPO: Texto (254)
DESCRIPCION: Indica la presencia de rampa dentro de la estación

SALVAESCAL
TIPO: Texto (254)
DESCRIPCION: Indica si posee salvaescalera

CALLE
TIPO: Texto (254)
DESCRIPCION: Calle en la que se ubica la boca

ALTURA
TIPO: texto (10)
DESCRIPCION: Altura de calle donde se ubica la boca 

CALLE2
TIPO: Texto (254)
DESCRIPCION: Cruce de calle en la que se ubica la boca

BARRIO
TIPO: Texto (254)
DESCRIPCION: Barrio donde se localiza la boca de subte

COMUNA
TIPO: Texto (254)
DESCRIPCION: Comuna dónde se localiza la boca de subte

OBSERVACIO
TIPO: Texto (254)
DESCRIPCION: Observaciones 

OBJETO
TIPO: Texto (50)
DESCRIPCION: Tipo de elemento mapeado

DOM_NORMA
TIPO: Texto (100)
DESCRIPCION: Domicilio normalizado

DOM_ORIG
TIPO: Texto (100)
DESCRIPCION:  Domicilio original de la base</statement></dataLineage></dqInfo><idinfo><native Sync="TRUE">Microsoft Windows Vista Version 6.1 (Build 7601) Service Pack 1; ESRI ArcCatalog 9.3.0.1770</native><descript><langdata Sync="TRUE">es</langdata></descript><citation><citeinfo><title Sync="TRUE">bocas_de_subte</title><ftname Sync="TRUE">bocas_de_subte</ftname><geoform Sync="TRUE">vector digital data</geoform><onlink Sync="TRUE"></onlink></citeinfo></citation><natvform Sync="TRUE">Shapefile</natvform><spdom><lboundng><leftbc Sync="TRUE">97736.180867</leftbc><rightbc Sync="TRUE">108615.493255</rightbc><bottombc Sync="TRUE">98472.149016</bottombc><topbc Sync="TRUE">108198.420631</topbc></lboundng><bounding><westbc Sync="TRUE">-58.487391</westbc><eastbc Sync="TRUE">-58.368733</eastbc><northbc Sync="TRUE">-34.555778</northbc><southbc Sync="TRUE">-34.643489</southbc></bounding></spdom></idinfo><metainfo><langmeta Sync="TRUE">es</langmeta><metstdn Sync="TRUE">FGDC Content Standards for Digital Geospatial Metadata</metstdn><metstdv Sync="TRUE">FGDC-STD-001-1998</metstdv><mettc Sync="TRUE">local time</mettc><metd Sync="TRUE">20190913</metd><metextns><onlink Sync="TRUE">http://www.esri.com/metadata/esriprof80.html</onlink><metprof Sync="TRUE">ESRI Metadata Profile</metprof></metextns></metainfo><mdStanName Sync="TRUE">ISO 19115 Geographic Information - Metadata</mdStanName><mdStanVer Sync="TRUE">DIS_ESRI1.0</mdStanVer><distinfo><resdesc Sync="TRUE">Downloadable Data</resdesc><stdorder><digform><digtinfo><transize Sync="TRUE">0,010</transize><dssize Sync="TRUE">0,010</dssize></digtinfo></digform></stdorder></distinfo><spref><horizsys><cordsysn><geogcsn Sync="TRUE">GCS_Campo_Inchauspe</geogcsn><projcsn Sync="TRUE">Argentina_GKBsAs</projcsn></cordsysn><planar><planci><plance Sync="TRUE">coordinate pair</plance><plandu Sync="TRUE">meters</plandu><coordrep><absres Sync="TRUE">0.000000</absres><ordres Sync="TRUE">0.000000</ordres></coordrep></planci><mapproj><mapprojn Sync="TRUE">Transverse Mercator</mapprojn><transmer><sfctrmer Sync="TRUE">0.999998</sfctrmer><longcm Sync="TRUE">-58.462700</longcm><latprjo Sync="TRUE">-34.629717</latprjo><feast Sync="TRUE">100000.000000</feast><fnorth Sync="TRUE">100000.000000</fnorth></transmer></mapproj></planar><geodetic><horizdn Sync="TRUE">D_Campo_Inchauspe</horizdn><ellips Sync="TRUE">International_1924</ellips><semiaxis Sync="TRUE">6378388.000000</semiaxis><denflat Sync="TRUE">297.000000</denflat></geodetic></horizsys></spref><dataqual><lineage><procstep><procdesc Sync="TRUE">Dataset copied.</procdesc><srcused Sync="TRUE"></srcused><procdate Sync="TRUE">20190913</procdate><proctime Sync="TRUE">14225000</proctime></procstep><procstep><procdesc Sync="TRUE">Dataset copied.</procdesc><srcused Sync="TRUE"></srcused><procdate Sync="TRUE">20190913</procdate><proctime Sync="TRUE">14501600</proctime></procstep></lineage></dataqual></metadata>
